Issue ID,Description,State,Severity,Story Points,Project Path,Location Kind,Path,Line,Column,Incident ID,Help Link,Assembly Name,Assembly Version,Assembly Public Key,Snippet
NuGet.0002,NuGet package upgrade is recommended,Active,Potential,1,Demo\Demo.csproj,File,Demo\Demo.csproj,,,Microsoft.VisualStudio.Web.CodeGeneration.Design 8.0.6,,,,,"Microsoft.VisualStudio.Web.CodeGeneration.Design, 8.0.6  Recommendation:  Remove Microsoft.VisualStudio.Web.CodeGeneration.Design, and replace with new package Microsoft.VisualStudio.Web.CodeGeneration.Design 10.0.2"
Project.0002,Project's target framework(s) needs to be changed,Active,Mandatory,1,Demo\Demo.csproj,File,Demo\Demo.csproj,,,,,,,,Current target framework: net8.0 Recommended target framework: net10.0
Api.0003,Behavioral change in selected .NET version,Active,Potential,1,Demo\Demo.csproj,File,Demo\Program.cs,58,4,"M:Microsoft.AspNetCore.Builder.ExceptionHandlerExtensions.UseExceptionHandler(Microsoft.AspNetCore.Builder.IApplicationBuilder,System.String)",,,,,"app.UseExceptionHandler(""/Error"");"
Api.0001,Binary incompatible for selected .NET version,Active,Mandatory,1,Demo\Demo.csproj,File,Demo\Program.cs,39,4,"M:Microsoft.Extensions.Configuration.ConfigurationBinder.GetValue``1(Microsoft.Extensions.Configuration.IConfiguration,System.String)",,,,,"options.BackedUpCredentialPolicy = builder.Configuration.GetValue<Fido2Configuration.CredentialBackupPolicy>(""fido2:backedUpCredentialPolicy"");"
Api.0001,Binary incompatible for selected .NET version,Active,Mandatory,1,Demo\Demo.csproj,File,Demo\Program.cs,38,4,"M:Microsoft.Extensions.Configuration.ConfigurationBinder.GetValue``1(Microsoft.Extensions.Configuration.IConfiguration,System.String)",,,,,"options.BackupEligibleCredentialPolicy = builder.Configuration.GetValue<Fido2Configuration.CredentialBackupPolicy>(""fido2:backupEligibleCredentialPolicy"");"
Api.0001,Binary incompatible for selected .NET version,Active,Mandatory,1,Demo\Demo.csproj,File,Demo\Program.cs,36,4,"M:Microsoft.Extensions.Configuration.ConfigurationBinder.GetValue``1(Microsoft.Extensions.Configuration.IConfiguration,System.String)",,,,,"options.TimestampDriftTolerance = builder.Configuration.GetValue<int>(""fido2:timestampDriftTolerance"");"
Api.0001,Binary incompatible for selected .NET version,Active,Mandatory,1,Demo\Demo.csproj,File,Demo\Program.cs,33,4,M:Microsoft.Extensions.Configuration.ConfigurationBinder.Get``1(Microsoft.Extensions.Configuration.IConfiguration),,,,,"options.Origins = builder.Configuration.GetSection(""fido2:origins"").Get<HashSet<string>>();"
Api.0002,Source incompatible for selected .NET version,Active,Potential,1,Demo\Demo.csproj,File,Demo\Program.cs,21,4,M:System.TimeSpan.FromMinutes(System.Double),,,,,options.IdleTimeout = TimeSpan.FromMinutes(2);
Project.0002,Project's target framework(s) needs to be changed,Active,Mandatory,1,Src\Fido2.AspNet\Fido2.AspNet.csproj,File,Src\Fido2.AspNet\Fido2.AspNet.csproj,,,,,,,,Current target framework: net8.0 Recommended target framework: net10.0
Api.0003,Behavioral change in selected .NET version,Active,Potential,1,Src\Fido2.AspNet\Fido2.AspNet.csproj,File,Src\Fido2.AspNet\Fido2NetLibBuilderExtensions.cs,76,12,T:System.Uri,,,,,"client.BaseAddress = new Uri(""https://mds3.fidoalliance.org/"");"
Api.0003,Behavioral change in selected .NET version,Active,Potential,1,Src\Fido2.AspNet\Fido2.AspNet.csproj,File,Src\Fido2.AspNet\Fido2NetLibBuilderExtensions.cs,76,12,M:System.Uri.#ctor(System.String),,,,,"client.BaseAddress = new Uri(""https://mds3.fidoalliance.org/"");"
Api.0003,Behavioral change in selected .NET version,Active,Potential,1,Src\Fido2.AspNet\Fido2.AspNet.csproj,File,Src\Fido2.AspNet\Fido2NetLibBuilderExtensions.cs,76,12,T:System.Uri,,,,,"client.BaseAddress = new Uri(""https://mds3.fidoalliance.org/"");"
Api.0003,Behavioral change in selected .NET version,Active,Potential,1,Src\Fido2.AspNet\Fido2.AspNet.csproj,File,Src\Fido2.AspNet\Fido2NetLibBuilderExtensions.cs,74,8,"M:Microsoft.Extensions.DependencyInjection.HttpClientFactoryServiceCollectionExtensions.AddHttpClient(Microsoft.Extensions.DependencyInjection.IServiceCollection,System.String,System.Action{System.Net.Http.HttpClient})",,,,,"var httpClientBuilder = builder.Services.AddHttpClient(nameof(Fido2MetadataServiceRepository), client =>          {              client.BaseAddress = new Uri(""https://mds3.fidoalliance.org/"");          });"
Api.0001,Binary incompatible for selected .NET version,Active,Mandatory,1,Src\Fido2.AspNet\Fido2.AspNet.csproj,File,Src\Fido2.AspNet\Fido2NetLibBuilderExtensions.cs,13,8,"M:Microsoft.Extensions.DependencyInjection.OptionsConfigurationServiceCollectionExtensions.Configure``1(Microsoft.Extensions.DependencyInjection.IServiceCollection,Microsoft.Extensions.Configuration.IConfiguration)",,,,,services.Configure<Fido2Configuration>(configuration);
NuGet.0005,NuGet package is deprecated,Active,Optional,1,Tests\Fido2.AspNet.Tests\Fido2.AspNet.Tests.csproj,File,Tests\Fido2.AspNet.Tests\Fido2.AspNet.Tests.csproj,,,xunit 2.9.2,,,,,"xunit, 2.9.2  Recommendation:  This package will only be updated for security issues. All future feature work has moved onto v3.  Guide for migrating from xUnit.net v2 to v3: https://xunit.net/docs/getting-started/v3/migration Remove xunit, and replace with new package xunit, 2.9.3"
Project.0002,Project's target framework(s) needs to be changed,Active,Mandatory,1,Tests\Fido2.AspNet.Tests\Fido2.AspNet.Tests.csproj,File,Tests\Fido2.AspNet.Tests\Fido2.AspNet.Tests.csproj,,,,,,,,Current target framework: net8.0 Recommended target framework: net10.0
NuGet.0002,NuGet package upgrade is recommended,Active,Potential,1,Src\Fido2.BlazorWebAssembly\Fido2.BlazorWebAssembly.csproj,File,Src\Fido2.BlazorWebAssembly\Fido2.BlazorWebAssembly.csproj,,,Microsoft.AspNetCore.Components.Web 8.0.10,,,,,"Microsoft.AspNetCore.Components.Web, 8.0.10  Recommendation:  Remove Microsoft.AspNetCore.Components.Web, and replace with new package Microsoft.AspNetCore.Components.Web 10.0.7"
Project.0002,Project's target framework(s) needs to be changed,Active,Mandatory,1,Src\Fido2.BlazorWebAssembly\Fido2.BlazorWebAssembly.csproj,File,Src\Fido2.BlazorWebAssembly\Fido2.BlazorWebAssembly.csproj,,,,,,,,Current target framework: net8.0 Recommended target framework: net10.0
NuGet.0002,NuGet package upgrade is recommended,Active,Potential,1,Src\Fido2\Fido2.csproj,File,Src\Fido2\Fido2.csproj,,,Microsoft.Extensions.Http 9.0.0,,,,,"Microsoft.Extensions.Http, 9.0.0  Recommendation:  Remove Microsoft.Extensions.Http, and replace with new package Microsoft.Extensions.Http 10.0.7"
NuGet.0002,NuGet package upgrade is recommended,Active,Potential,1,Src\Fido2\Fido2.csproj,File,Src\Fido2\Fido2.csproj,,,System.Formats.Cbor 9.0.0,,,,,"System.Formats.Cbor, 9.0.0  Recommendation:  Remove System.Formats.Cbor, and replace with new package System.Formats.Cbor 10.0.7"
Project.0002,Project's target framework(s) needs to be changed,Active,Mandatory,1,Src\Fido2\Fido2.csproj,File,Src\Fido2\Fido2.csproj,,,,,,,,Current target framework: net8.0 Recommended target framework: net10.0
Api.0002,Source incompatible for selected .NET version,Active,Potential,1,Src\Fido2\Fido2.csproj,File,Src\Fido2\Cbor\CborWriterExtensions.cs,55,4,T:System.Formats.Cbor.CborWriter,,,,,"public static void WriteMap(this CborWriter writer, CborMap map)"
Api.0002,Source incompatible for selected .NET version,Active,Potential,1,Src\Fido2\Fido2.csproj,File,Src\Fido2\Cbor\CborWriterExtensions.cs,65,8,M:System.Formats.Cbor.CborWriter.WriteEndMap,,,,,writer.WriteEndMap();
Api.0002,Source incompatible for selected .NET version,Active,Potential,1,Src\Fido2\Fido2.csproj,File,Src\Fido2\Cbor\CborWriterExtensions.cs,57,8,M:System.Formats.Cbor.CborWriter.WriteStartMap(System.Nullable{System.Int32}),,,,,writer.WriteStartMap(map.Count);
Api.0002,Source incompatible for selected .NET version,Active,Potential,1,Src\Fido2\Fido2.csproj,File,Src\Fido2\Cbor\CborWriterExtensions.cs,43,4,T:System.Formats.Cbor.CborWriter,,,,,"public static void WriteArray(this CborWriter writer, CborArray array)"
Api.0002,Source incompatible for selected .NET version,Active,Potential,1,Src\Fido2\Fido2.csproj,File,Src\Fido2\Cbor\CborWriterExtensions.cs,52,8,M:System.Formats.Cbor.CborWriter.WriteEndArray,,,,,writer.WriteEndArray();
Api.0002,Source incompatible for selected .NET version,Active,Potential,1,Src\Fido2\Fido2.csproj,File,Src\Fido2\Cbor\CborWriterExtensions.cs,45,8,M:System.Formats.Cbor.CborWriter.WriteStartArray(System.Nullable{System.Int32}),,,,,writer.WriteStartArray(array.Length);
Api.0002,Source incompatible for selected .NET version,Active,Potential,1,Src\Fido2\Fido2.csproj,File,Src\Fido2\Cbor\CborWriterExtensions.cs,7,4,T:System.Formats.Cbor.CborWriter,,,,,"public static void WriteObject(this CborWriter writer, CborObject @object)"
Api.0002,Source incompatible for selected .NET version,Active,Potential,1,Src\Fido2\Fido2.csproj,File,Src\Fido2\Cbor\CborWriterExtensions.cs,35,12,M:System.Formats.Cbor.CborWriter.WriteNull,,,,,writer.WriteNull();
Api.0002,Source incompatible for selected .NET version,Active,Potential,1,Src\Fido2\Fido2.csproj,File,Src\Fido2\Cbor\CborWriterExtensions.cs,23,12,M:System.Formats.Cbor.CborWriter.WriteInt64(System.Int64),,,,,writer.WriteInt64(number.Value);
Api.0002,Source incompatible for selected .NET version,Active,Potential,1,Src\Fido2\Fido2.csproj,File,Src\Fido2\Cbor\CborWriterExtensions.cs,19,12,M:System.Formats.Cbor.CborWriter.WriteBoolean(System.Boolean),,,,,writer.WriteBoolean(boolean.Value);
Api.0002,Source incompatible for selected .NET version,Active,Potential,1,Src\Fido2\Fido2.csproj,File,Src\Fido2\Cbor\CborWriterExtensions.cs,15,12,M:System.Formats.Cbor.CborWriter.WriteByteString(System.Byte[]),,,,,writer.WriteByteString(data.Value);
Api.0002,Source incompatible for selected .NET version,Active,Potential,1,Src\Fido2\Fido2.csproj,File,Src\Fido2\Cbor\CborWriterExtensions.cs,11,12,M:System.Formats.Cbor.CborWriter.WriteTextString(System.String),,,,,writer.WriteTextString(text.Value);
Api.0002,Source incompatible for selected .NET version,Active,Potential,1,Src\Fido2\Fido2.csproj,File,Src\Fido2\Cbor\CborObject.cs,125,8,M:System.Formats.Cbor.CborWriter.Encode,,,,,return writer.Encode();
Api.0002,Source incompatible for selected .NET version,Active,Potential,1,Src\Fido2\Fido2.csproj,File,Src\Fido2\Cbor\CborObject.cs,121,8,T:System.Formats.Cbor.CborWriter,,,,,var writer = new CborWriter();
Api.0002,Source incompatible for selected .NET version,Active,Potential,1,Src\Fido2\Fido2.csproj,File,Src\Fido2\Cbor\CborObject.cs,121,8,"M:System.Formats.Cbor.CborWriter.#ctor(System.Formats.Cbor.CborConformanceMode,System.Boolean,System.Boolean,System.Int32)",,,,,var writer = new CborWriter();
Api.0002,Source incompatible for selected .NET version,Active,Potential,1,Src\Fido2\Fido2.csproj,File,Src\Fido2\Cbor\CborObject.cs,100,4,T:System.Formats.Cbor.CborReader,,,,,private static CborMap ReadMap(CborReader reader)
Api.0002,Source incompatible for selected .NET version,Active,Potential,1,Src\Fido2\Fido2.csproj,File,Src\Fido2\Cbor\CborObject.cs,114,8,M:System.Formats.Cbor.CborReader.ReadEndMap,,,,,reader.ReadEndMap();
Api.0002,Source incompatible for selected .NET version,Active,Potential,1,Src\Fido2\Fido2.csproj,File,Src\Fido2\Cbor\CborObject.cs,106,8,T:System.Formats.Cbor.CborReaderState,,,,,"while (!(reader.PeekState() is CborReaderState.EndMap or CborReaderState.Finished))          {              CborObject k = Read(reader);              CborObject v = Read(reader);                map.Add(k, v);          }"
Api.0002,Source incompatible for selected .NET version,Active,Potential,1,Src\Fido2\Fido2.csproj,File,Src\Fido2\Cbor\CborObject.cs,106,8,T:System.Formats.Cbor.CborReaderState,,,,,"while (!(reader.PeekState() is CborReaderState.EndMap or CborReaderState.Finished))          {              CborObject k = Read(reader);              CborObject v = Read(reader);                map.Add(k, v);          }"
Api.0002,Source incompatible for selected .NET version,Active,Potential,1,Src\Fido2\Fido2.csproj,File,Src\Fido2\Cbor\CborObject.cs,106,8,F:System.Formats.Cbor.CborReaderState.Finished,,,,,"while (!(reader.PeekState() is CborReaderState.EndMap or CborReaderState.Finished))          {              CborObject k = Read(reader);              CborObject v = Read(reader);                map.Add(k, v);          }"
Api.0002,Source incompatible for selected .NET version,Active,Potential,1,Src\Fido2\Fido2.csproj,File,Src\Fido2\Cbor\CborObject.cs,106,8,T:System.Formats.Cbor.CborReaderState,,,,,"while (!(reader.PeekState() is CborReaderState.EndMap or CborReaderState.Finished))          {              CborObject k = Read(reader);              CborObject v = Read(reader);                map.Add(k, v);          }"
Api.0002,Source incompatible for selected .NET version,Active,Potential,1,Src\Fido2\Fido2.csproj,File,Src\Fido2\Cbor\CborObject.cs,106,8,T:System.Formats.Cbor.CborReaderState,,,,,"while (!(reader.PeekState() is CborReaderState.EndMap or CborReaderState.Finished))          {              CborObject k = Read(reader);              CborObject v = Read(reader);                map.Add(k, v);          }"
Api.0002,Source incompatible for selected .NET version,Active,Potential,1,Src\Fido2\Fido2.csproj,File,Src\Fido2\Cbor\CborObject.cs,106,8,F:System.Formats.Cbor.CborReaderState.EndMap,,,,,"while (!(reader.PeekState() is CborReaderState.EndMap or CborReaderState.Finished))          {              CborObject k = Read(reader);              CborObject v = Read(reader);                map.Add(k, v);          }"
Api.0002,Source incompatible for selected .NET version,Active,Potential,1,Src\Fido2\Fido2.csproj,File,Src\Fido2\Cbor\CborObject.cs,106,8,T:System.Formats.Cbor.CborReaderState,,,,,"while (!(reader.PeekState() is CborReaderState.EndMap or CborReaderState.Finished))          {              CborObject k = Read(reader);              CborObject v = Read(reader);                map.Add(k, v);          }"
Api.0002,Source incompatible for selected .NET version,Active,Potential,1,Src\Fido2\Fido2.csproj,File,Src\Fido2\Cbor\CborObject.cs,106,8,M:System.Formats.Cbor.CborReader.PeekState,,,,,"while (!(reader.PeekState() is CborReaderState.EndMap or CborReaderState.Finished))          {              CborObject k = Read(reader);              CborObject v = Read(reader);                map.Add(k, v);          }"
Api.0002,Source incompatible for selected .NET version,Active,Potential,1,Src\Fido2\Fido2.csproj,File,Src\Fido2\Cbor\CborObject.cs,102,8,M:System.Formats.Cbor.CborReader.ReadStartMap,,,,,int? count = reader.ReadStartMap();
Api.0002,Source incompatible for selected .NET version,Active,Potential,1,Src\Fido2\Fido2.csproj,File,Src\Fido2\Cbor\CborObject.cs,82,4,T:System.Formats.Cbor.CborReader,,,,,private static CborArray ReadArray(CborReader reader)
Api.0002,Source incompatible for selected .NET version,Active,Potential,1,Src\Fido2\Fido2.csproj,File,Src\Fido2\Cbor\CborObject.cs,95,8,M:System.Formats.Cbor.CborReader.ReadEndArray,,,,,reader.ReadEndArray();
Api.0002,Source incompatible for selected .NET version,Active,Potential,1,Src\Fido2\Fido2.csproj,File,Src\Fido2\Cbor\CborObject.cs,90,8,T:System.Formats.Cbor.CborReaderState,,,,,while (!(reader.PeekState() is CborReaderState.EndArray or CborReaderState.Finished))          {              items.Add(Read(reader));          }
Api.0002,Source incompatible for selected .NET version,Active,Potential,1,Src\Fido2\Fido2.csproj,File,Src\Fido2\Cbor\CborObject.cs,90,8,T:System.Formats.Cbor.CborReaderState,,,,,while (!(reader.PeekState() is CborReaderState.EndArray or CborReaderState.Finished))          {              items.Add(Read(reader));          }
Api.0002,Source incompatible for selected .NET version,Active,Potential,1,Src\Fido2\Fido2.csproj,File,Src\Fido2\Cbor\CborObject.cs,90,8,F:System.Formats.Cbor.CborReaderState.Finished,,,,,while (!(reader.PeekState() is CborReaderState.EndArray or CborReaderState.Finished))          {              items.Add(Read(reader));          }
Api.0002,Source incompatible for selected .NET version,Active,Potential,1,Src\Fido2\Fido2.csproj,File,Src\Fido2\Cbor\CborObject.cs,90,8,T:System.Formats.Cbor.CborReaderState,,,,,while (!(reader.PeekState() is CborReaderState.EndArray or CborReaderState.Finished))          {              items.Add(Read(reader));          }
Api.0002,Source incompatible for selected .NET version,Active,Potential,1,Src\Fido2\Fido2.csproj,File,Src\Fido2\Cbor\CborObject.cs,90,8,T:System.Formats.Cbor.CborReaderState,,,,,while (!(reader.PeekState() is CborReaderState.EndArray or CborReaderState.Finished))          {              items.Add(Read(reader));          }
Api.0002,Source incompatible for selected .NET version,Active,Potential,1,Src\Fido2\Fido2.csproj,File,Src\Fido2\Cbor\CborObject.cs,90,8,F:System.Formats.Cbor.CborReaderState.EndArray,,,,,while (!(reader.PeekState() is CborReaderState.EndArray or CborReaderState.Finished))          {              items.Add(Read(reader));          }
Api.0002,Source incompatible for selected .NET version,Active,Potential,1,Src\Fido2\Fido2.csproj,File,Src\Fido2\Cbor\CborObject.cs,90,8,T:System.Formats.Cbor.CborReaderState,,,,,while (!(reader.PeekState() is CborReaderState.EndArray or CborReaderState.Finished))          {              items.Add(Read(reader));          }
Api.0002,Source incompatible for selected .NET version,Active,Potential,1,Src\Fido2\Fido2.csproj,File,Src\Fido2\Cbor\CborObject.cs,90,8,M:System.Formats.Cbor.CborReader.PeekState,,,,,while (!(reader.PeekState() is CborReaderState.EndArray or CborReaderState.Finished))          {              items.Add(Read(reader));          }
Api.0002,Source incompatible for selected .NET version,Active,Potential,1,Src\Fido2\Fido2.csproj,File,Src\Fido2\Cbor\CborObject.cs,84,8,M:System.Formats.Cbor.CborReader.ReadStartArray,,,,,int? count = reader.ReadStartArray();
Api.0002,Source incompatible for selected .NET version,Active,Potential,1,Src\Fido2\Fido2.csproj,File,Src\Fido2\Cbor\CborObject.cs,75,4,T:System.Formats.Cbor.CborReader,,,,,private static CborNull ReadNull(CborReader reader)
Api.0002,Source incompatible for selected .NET version,Active,Potential,1,Src\Fido2\Fido2.csproj,File,Src\Fido2\Cbor\CborObject.cs,77,8,M:System.Formats.Cbor.CborReader.ReadNull,,,,,reader.ReadNull();
Api.0002,Source incompatible for selected .NET version,Active,Potential,1,Src\Fido2\Fido2.csproj,File,Src\Fido2\Cbor\CborObject.cs,57,4,T:System.Formats.Cbor.CborReader,,,,,private static CborObject Read(CborReader reader)
Api.0002,Source incompatible for selected .NET version,Active,Potential,1,Src\Fido2\Fido2.csproj,File,Src\Fido2\Cbor\CborObject.cs,61,8,T:System.Formats.Cbor.CborReaderState,,,,,"return s switch          {              CborReaderState.StartMap => ReadMap(reader),              CborReaderState.StartArray => ReadArray(reader),              CborReaderState.TextString => new CborTextString(reader.ReadTextString()),              CborReaderState.Boolean => (CborBoolean)reader.ReadBoolean(),              CborReaderState.ByteString => new CborByteString(reader.ReadByteString()),              CborReaderState.UnsignedInteger => new CborInteger(reader.ReadInt64()),              CborReaderState.NegativeInteger => new CborInteger(reader.ReadInt64()),              CborReaderState.Null => ReadNull(reader),              _ => throw new Exception($""Unhandled state. Was {s}"")          };"
Api.0002,Source incompatible for selected .NET version,Active,Potential,1,Src\Fido2\Fido2.csproj,File,Src\Fido2\Cbor\CborObject.cs,61,8,T:System.Formats.Cbor.CborReaderState,,,,,"return s switch          {              CborReaderState.StartMap => ReadMap(reader),              CborReaderState.StartArray => ReadArray(reader),              CborReaderState.TextString => new CborTextString(reader.ReadTextString()),              CborReaderState.Boolean => (CborBoolean)reader.ReadBoolean(),              CborReaderState.ByteString => new CborByteString(reader.ReadByteString()),              CborReaderState.UnsignedInteger => new CborInteger(reader.ReadInt64()),              CborReaderState.NegativeInteger => new CborInteger(reader.ReadInt64()),              CborReaderState.Null => ReadNull(reader),              _ => throw new Exception($""Unhandled state. Was {s}"")          };"
Api.0002,Source incompatible for selected .NET version,Active,Potential,1,Src\Fido2\Fido2.csproj,File,Src\Fido2\Cbor\CborObject.cs,61,8,F:System.Formats.Cbor.CborReaderState.Null,,,,,"return s switch          {              CborReaderState.StartMap => ReadMap(reader),              CborReaderState.StartArray => ReadArray(reader),              CborReaderState.TextString => new CborTextString(reader.ReadTextString()),              CborReaderState.Boolean => (CborBoolean)reader.ReadBoolean(),              CborReaderState.ByteString => new CborByteString(reader.ReadByteString()),              CborReaderState.UnsignedInteger => new CborInteger(reader.ReadInt64()),              CborReaderState.NegativeInteger => new CborInteger(reader.ReadInt64()),              CborReaderState.Null => ReadNull(reader),              _ => throw new Exception($""Unhandled state. Was {s}"")          };"
Api.0002,Source incompatible for selected .NET version,Active,Potential,1,Src\Fido2\Fido2.csproj,File,Src\Fido2\Cbor\CborObject.cs,61,8,M:System.Formats.Cbor.CborReader.ReadInt64,,,,,"return s switch          {              CborReaderState.StartMap => ReadMap(reader),              CborReaderState.StartArray => ReadArray(reader),              CborReaderState.TextString => new CborTextString(reader.ReadTextString()),              CborReaderState.Boolean => (CborBoolean)reader.ReadBoolean(),              CborReaderState.ByteString => new CborByteString(reader.ReadByteString()),              CborReaderState.UnsignedInteger => new CborInteger(reader.ReadInt64()),              CborReaderState.NegativeInteger => new CborInteger(reader.ReadInt64()),              CborReaderState.Null => ReadNull(reader),              _ => throw new Exception($""Unhandled state. Was {s}"")          };"
Api.0002,Source incompatible for selected .NET version,Active,Potential,1,Src\Fido2\Fido2.csproj,File,Src\Fido2\Cbor\CborObject.cs,61,8,T:System.Formats.Cbor.CborReaderState,,,,,"return s switch          {              CborReaderState.StartMap => ReadMap(reader),              CborReaderState.StartArray => ReadArray(reader),              CborReaderState.TextString => new CborTextString(reader.ReadTextString()),              CborReaderState.Boolean => (CborBoolean)reader.ReadBoolean(),              CborReaderState.ByteString => new CborByteString(reader.ReadByteString()),              CborReaderState.UnsignedInteger => new CborInteger(reader.ReadInt64()),              CborReaderState.NegativeInteger => new CborInteger(reader.ReadInt64()),              CborReaderState.Null => ReadNull(reader),              _ => throw new Exception($""Unhandled state. Was {s}"")          };"
Api.0002,Source incompatible for selected .NET version,Active,Potential,1,Src\Fido2\Fido2.csproj,File,Src\Fido2\Cbor\CborObject.cs,61,8,T:System.Formats.Cbor.CborReaderState,,,,,"return s switch          {              CborReaderState.StartMap => ReadMap(reader),              CborReaderState.StartArray => ReadArray(reader),              CborReaderState.TextString => new CborTextString(reader.ReadTextString()),              CborReaderState.Boolean => (CborBoolean)reader.ReadBoolean(),              CborReaderState.ByteString => new CborByteString(reader.ReadByteString()),              CborReaderState.UnsignedInteger => new CborInteger(reader.ReadInt64()),              CborReaderState.NegativeInteger => new CborInteger(reader.ReadInt64()),              CborReaderState.Null => ReadNull(reader),              _ => throw new Exception($""Unhandled state. Was {s}"")          };"
Api.0002,Source incompatible for selected .NET version,Active,Potential,1,Src\Fido2\Fido2.csproj,File,Src\Fido2\Cbor\CborObject.cs,61,8,F:System.Formats.Cbor.CborReaderState.NegativeInteger,,,,,"return s switch          {              CborReaderState.StartMap => ReadMap(reader),              CborReaderState.StartArray => ReadArray(reader),              CborReaderState.TextString => new CborTextString(reader.ReadTextString()),              CborReaderState.Boolean => (CborBoolean)reader.ReadBoolean(),              CborReaderState.ByteString => new CborByteString(reader.ReadByteString()),              CborReaderState.UnsignedInteger => new CborInteger(reader.ReadInt64()),              CborReaderState.NegativeInteger => new CborInteger(reader.ReadInt64()),              CborReaderState.Null => ReadNull(reader),              _ => throw new Exception($""Unhandled state. Was {s}"")          };"
Api.0002,Source incompatible for selected .NET version,Active,Potential,1,Src\Fido2\Fido2.csproj,File,Src\Fido2\Cbor\CborObject.cs,61,8,M:System.Formats.Cbor.CborReader.ReadInt64,,,,,"return s switch          {              CborReaderState.StartMap => ReadMap(reader),              CborReaderState.StartArray => ReadArray(reader),              CborReaderState.TextString => new CborTextString(reader.ReadTextString()),              CborReaderState.Boolean => (CborBoolean)reader.ReadBoolean(),              CborReaderState.ByteString => new CborByteString(reader.ReadByteString()),              CborReaderState.UnsignedInteger => new CborInteger(reader.ReadInt64()),              CborReaderState.NegativeInteger => new CborInteger(reader.ReadInt64()),              CborReaderState.Null => ReadNull(reader),              _ => throw new Exception($""Unhandled state. Was {s}"")          };"
Api.0002,Source incompatible for selected .NET version,Active,Potential,1,Src\Fido2\Fido2.csproj,File,Src\Fido2\Cbor\CborObject.cs,61,8,T:System.Formats.Cbor.CborReaderState,,,,,"return s switch          {              CborReaderState.StartMap => ReadMap(reader),              CborReaderState.StartArray => ReadArray(reader),              CborReaderState.TextString => new CborTextString(reader.ReadTextString()),              CborReaderState.Boolean => (CborBoolean)reader.ReadBoolean(),              CborReaderState.ByteString => new CborByteString(reader.ReadByteString()),              CborReaderState.UnsignedInteger => new CborInteger(reader.ReadInt64()),              CborReaderState.NegativeInteger => new CborInteger(reader.ReadInt64()),              CborReaderState.Null => ReadNull(reader),              _ => throw new Exception($""Unhandled state. Was {s}"")          };"
Api.0002,Source incompatible for selected .NET version,Active,Potential,1,Src\Fido2\Fido2.csproj,File,Src\Fido2\Cbor\CborObject.cs,61,8,T:System.Formats.Cbor.CborReaderState,,,,,"return s switch          {              CborReaderState.StartMap => ReadMap(reader),              CborReaderState.StartArray => ReadArray(reader),              CborReaderState.TextString => new CborTextString(reader.ReadTextString()),              CborReaderState.Boolean => (CborBoolean)reader.ReadBoolean(),              CborReaderState.ByteString => new CborByteString(reader.ReadByteString()),              CborReaderState.UnsignedInteger => new CborInteger(reader.ReadInt64()),              CborReaderState.NegativeInteger => new CborInteger(reader.ReadInt64()),              CborReaderState.Null => ReadNull(reader),              _ => throw new Exception($""Unhandled state. Was {s}"")          };"
Api.0002,Source incompatible for selected .NET version,Active,Potential,1,Src\Fido2\Fido2.csproj,File,Src\Fido2\Cbor\CborObject.cs,61,8,F:System.Formats.Cbor.CborReaderState.UnsignedInteger,,,,,"return s switch          {              CborReaderState.StartMap => ReadMap(reader),              CborReaderState.StartArray => ReadArray(reader),              CborReaderState.TextString => new CborTextString(reader.ReadTextString()),              CborReaderState.Boolean => (CborBoolean)reader.ReadBoolean(),              CborReaderState.ByteString => new CborByteString(reader.ReadByteString()),              CborReaderState.UnsignedInteger => new CborInteger(reader.ReadInt64()),              CborReaderState.NegativeInteger => new CborInteger(reader.ReadInt64()),              CborReaderState.Null => ReadNull(reader),              _ => throw new Exception($""Unhandled state. Was {s}"")          };"
Api.0002,Source incompatible for selected .NET version,Active,Potential,1,Src\Fido2\Fido2.csproj,File,Src\Fido2\Cbor\CborObject.cs,61,8,M:System.Formats.Cbor.CborReader.ReadByteString,,,,,"return s switch          {              CborReaderState.StartMap => ReadMap(reader),              CborReaderState.StartArray => ReadArray(reader),              CborReaderState.TextString => new CborTextString(reader.ReadTextString()),              CborReaderState.Boolean => (CborBoolean)reader.ReadBoolean(),              CborReaderState.ByteString => new CborByteString(reader.ReadByteString()),              CborReaderState.UnsignedInteger => new CborInteger(reader.ReadInt64()),              CborReaderState.NegativeInteger => new CborInteger(reader.ReadInt64()),              CborReaderState.Null => ReadNull(reader),              _ => throw new Exception($""Unhandled state. Was {s}"")          };"
Api.0002,Source incompatible for selected .NET version,Active,Potential,1,Src\Fido2\Fido2.csproj,File,Src\Fido2\Cbor\CborObject.cs,61,8,T:System.Formats.Cbor.CborReaderState,,,,,"return s switch          {              CborReaderState.StartMap => ReadMap(reader),              CborReaderState.StartArray => ReadArray(reader),              CborReaderState.TextString => new CborTextString(reader.ReadTextString()),              CborReaderState.Boolean => (CborBoolean)reader.ReadBoolean(),              CborReaderState.ByteString => new CborByteString(reader.ReadByteString()),              CborReaderState.UnsignedInteger => new CborInteger(reader.ReadInt64()),              CborReaderState.NegativeInteger => new CborInteger(reader.ReadInt64()),              CborReaderState.Null => ReadNull(reader),              _ => throw new Exception($""Unhandled state. Was {s}"")          };"
Api.0002,Source incompatible for selected .NET version,Active,Potential,1,Src\Fido2\Fido2.csproj,File,Src\Fido2\Cbor\CborObject.cs,61,8,T:System.Formats.Cbor.CborReaderState,,,,,"return s switch          {              CborReaderState.StartMap => ReadMap(reader),              CborReaderState.StartArray => ReadArray(reader),              CborReaderState.TextString => new CborTextString(reader.ReadTextString()),              CborReaderState.Boolean => (CborBoolean)reader.ReadBoolean(),              CborReaderState.ByteString => new CborByteString(reader.ReadByteString()),              CborReaderState.UnsignedInteger => new CborInteger(reader.ReadInt64()),              CborReaderState.NegativeInteger => new CborInteger(reader.ReadInt64()),              CborReaderState.Null => ReadNull(reader),              _ => throw new Exception($""Unhandled state. Was {s}"")          };"
Api.0002,Source incompatible for selected .NET version,Active,Potential,1,Src\Fido2\Fido2.csproj,File,Src\Fido2\Cbor\CborObject.cs,61,8,F:System.Formats.Cbor.CborReaderState.ByteString,,,,,"return s switch          {              CborReaderState.StartMap => ReadMap(reader),              CborReaderState.StartArray => ReadArray(reader),              CborReaderState.TextString => new CborTextString(reader.ReadTextString()),              CborReaderState.Boolean => (CborBoolean)reader.ReadBoolean(),              CborReaderState.ByteString => new CborByteString(reader.ReadByteString()),              CborReaderState.UnsignedInteger => new CborInteger(reader.ReadInt64()),              CborReaderState.NegativeInteger => new CborInteger(reader.ReadInt64()),              CborReaderState.Null => ReadNull(reader),              _ => throw new Exception($""Unhandled state. Was {s}"")          };"
Api.0002,Source incompatible for selected .NET version,Active,Potential,1,Src\Fido2\Fido2.csproj,File,Src\Fido2\Cbor\CborObject.cs,61,8,M:System.Formats.Cbor.CborReader.ReadBoolean,,,,,"return s switch          {              CborReaderState.StartMap => ReadMap(reader),              CborReaderState.StartArray => ReadArray(reader),              CborReaderState.TextString => new CborTextString(reader.ReadTextString()),              CborReaderState.Boolean => (CborBoolean)reader.ReadBoolean(),              CborReaderState.ByteString => new CborByteString(reader.ReadByteString()),              CborReaderState.UnsignedInteger => new CborInteger(reader.ReadInt64()),              CborReaderState.NegativeInteger => new CborInteger(reader.ReadInt64()),              CborReaderState.Null => ReadNull(reader),              _ => throw new Exception($""Unhandled state. Was {s}"")          };"
Api.0002,Source incompatible for selected .NET version,Active,Potential,1,Src\Fido2\Fido2.csproj,File,Src\Fido2\Cbor\CborObject.cs,61,8,T:System.Formats.Cbor.CborReaderState,,,,,"return s switch          {              CborReaderState.StartMap => ReadMap(reader),              CborReaderState.StartArray => ReadArray(reader),              CborReaderState.TextString => new CborTextString(reader.ReadTextString()),              CborReaderState.Boolean => (CborBoolean)reader.ReadBoolean(),              CborReaderState.ByteString => new CborByteString(reader.ReadByteString()),              CborReaderState.UnsignedInteger => new CborInteger(reader.ReadInt64()),              CborReaderState.NegativeInteger => new CborInteger(reader.ReadInt64()),              CborReaderState.Null => ReadNull(reader),              _ => throw new Exception($""Unhandled state. Was {s}"")          };"
Api.0002,Source incompatible for selected .NET version,Active,Potential,1,Src\Fido2\Fido2.csproj,File,Src\Fido2\Cbor\CborObject.cs,61,8,T:System.Formats.Cbor.CborReaderState,,,,,"return s switch          {              CborReaderState.StartMap => ReadMap(reader),              CborReaderState.StartArray => ReadArray(reader),              CborReaderState.TextString => new CborTextString(reader.ReadTextString()),              CborReaderState.Boolean => (CborBoolean)reader.ReadBoolean(),              CborReaderState.ByteString => new CborByteString(reader.ReadByteString()),              CborReaderState.UnsignedInteger => new CborInteger(reader.ReadInt64()),              CborReaderState.NegativeInteger => new CborInteger(reader.ReadInt64()),              CborReaderState.Null => ReadNull(reader),              _ => throw new Exception($""Unhandled state. Was {s}"")          };"
Api.0002,Source incompatible for selected .NET version,Active,Potential,1,Src\Fido2\Fido2.csproj,File,Src\Fido2\Cbor\CborObject.cs,61,8,F:System.Formats.Cbor.CborReaderState.Boolean,,,,,"return s switch          {              CborReaderState.StartMap => ReadMap(reader),              CborReaderState.StartArray => ReadArray(reader),              CborReaderState.TextString => new CborTextString(reader.ReadTextString()),              CborReaderState.Boolean => (CborBoolean)reader.ReadBoolean(),              CborReaderState.ByteString => new CborByteString(reader.ReadByteString()),              CborReaderState.UnsignedInteger => new CborInteger(reader.ReadInt64()),              CborReaderState.NegativeInteger => new CborInteger(reader.ReadInt64()),              CborReaderState.Null => ReadNull(reader),              _ => throw new Exception($""Unhandled state. Was {s}"")          };"
Api.0002,Source incompatible for selected .NET version,Active,Potential,1,Src\Fido2\Fido2.csproj,File,Src\Fido2\Cbor\CborObject.cs,61,8,M:System.Formats.Cbor.CborReader.ReadTextString,,,,,"return s switch          {              CborReaderState.StartMap => ReadMap(reader),              CborReaderState.StartArray => ReadArray(reader),              CborReaderState.TextString => new CborTextString(reader.ReadTextString()),              CborReaderState.Boolean => (CborBoolean)reader.ReadBoolean(),              CborReaderState.ByteString => new CborByteString(reader.ReadByteString()),              CborReaderState.UnsignedInteger => new CborInteger(reader.ReadInt64()),              CborReaderState.NegativeInteger => new CborInteger(reader.ReadInt64()),              CborReaderState.Null => ReadNull(reader),              _ => throw new Exception($""Unhandled state. Was {s}"")          };"
Api.0002,Source incompatible for selected .NET version,Active,Potential,1,Src\Fido2\Fido2.csproj,File,Src\Fido2\Cbor\CborObject.cs,61,8,T:System.Formats.Cbor.CborReaderState,,,,,"return s switch          {              CborReaderState.StartMap => ReadMap(reader),              CborReaderState.StartArray => ReadArray(reader),              CborReaderState.TextString => new CborTextString(reader.ReadTextString()),              CborReaderState.Boolean => (CborBoolean)reader.ReadBoolean(),              CborReaderState.ByteString => new CborByteString(reader.ReadByteString()),              CborReaderState.UnsignedInteger => new CborInteger(reader.ReadInt64()),              CborReaderState.NegativeInteger => new CborInteger(reader.ReadInt64()),              CborReaderState.Null => ReadNull(reader),              _ => throw new Exception($""Unhandled state. Was {s}"")          };"
Api.0002,Source incompatible for selected .NET version,Active,Potential,1,Src\Fido2\Fido2.csproj,File,Src\Fido2\Cbor\CborObject.cs,61,8,T:System.Formats.Cbor.CborReaderState,,,,,"return s switch          {              CborReaderState.StartMap => ReadMap(reader),              CborReaderState.StartArray => ReadArray(reader),              CborReaderState.TextString => new CborTextString(reader.ReadTextString()),              CborReaderState.Boolean => (CborBoolean)reader.ReadBoolean(),              CborReaderState.ByteString => new CborByteString(reader.ReadByteString()),              CborReaderState.UnsignedInteger => new CborInteger(reader.ReadInt64()),              CborReaderState.NegativeInteger => new CborInteger(reader.ReadInt64()),              CborReaderState.Null => ReadNull(reader),              _ => throw new Exception($""Unhandled state. Was {s}"")          };"
Api.0002,Source incompatible for selected .NET version,Active,Potential,1,Src\Fido2\Fido2.csproj,File,Src\Fido2\Cbor\CborObject.cs,61,8,F:System.Formats.Cbor.CborReaderState.TextString,,,,,"return s switch          {              CborReaderState.StartMap => ReadMap(reader),              CborReaderState.StartArray => ReadArray(reader),              CborReaderState.TextString => new CborTextString(reader.ReadTextString()),              CborReaderState.Boolean => (CborBoolean)reader.ReadBoolean(),              CborReaderState.ByteString => new CborByteString(reader.ReadByteString()),              CborReaderState.UnsignedInteger => new CborInteger(reader.ReadInt64()),              CborReaderState.NegativeInteger => new CborInteger(reader.ReadInt64()),              CborReaderState.Null => ReadNull(reader),              _ => throw new Exception($""Unhandled state. Was {s}"")          };"
Api.0002,Source incompatible for selected .NET version,Active,Potential,1,Src\Fido2\Fido2.csproj,File,Src\Fido2\Cbor\CborObject.cs,61,8,T:System.Formats.Cbor.CborReaderState,,,,,"return s switch          {              CborReaderState.StartMap => ReadMap(reader),              CborReaderState.StartArray => ReadArray(reader),              CborReaderState.TextString => new CborTextString(reader.ReadTextString()),              CborReaderState.Boolean => (CborBoolean)reader.ReadBoolean(),              CborReaderState.ByteString => new CborByteString(reader.ReadByteString()),              CborReaderState.UnsignedInteger => new CborInteger(reader.ReadInt64()),              CborReaderState.NegativeInteger => new CborInteger(reader.ReadInt64()),              CborReaderState.Null => ReadNull(reader),              _ => throw new Exception($""Unhandled state. Was {s}"")          };"
Api.0002,Source incompatible for selected .NET version,Active,Potential,1,Src\Fido2\Fido2.csproj,File,Src\Fido2\Cbor\CborObject.cs,61,8,T:System.Formats.Cbor.CborReaderState,,,,,"return s switch          {              CborReaderState.StartMap => ReadMap(reader),              CborReaderState.StartArray => ReadArray(reader),              CborReaderState.TextString => new CborTextString(reader.ReadTextString()),              CborReaderState.Boolean => (CborBoolean)reader.ReadBoolean(),              CborReaderState.ByteString => new CborByteString(reader.ReadByteString()),              CborReaderState.UnsignedInteger => new CborInteger(reader.ReadInt64()),              CborReaderState.NegativeInteger => new CborInteger(reader.ReadInt64()),              CborReaderState.Null => ReadNull(reader),              _ => throw new Exception($""Unhandled state. Was {s}"")          };"
Api.0002,Source incompatible for selected .NET version,Active,Potential,1,Src\Fido2\Fido2.csproj,File,Src\Fido2\Cbor\CborObject.cs,61,8,F:System.Formats.Cbor.CborReaderState.StartArray,,,,,"return s switch          {              CborReaderState.StartMap => ReadMap(reader),              CborReaderState.StartArray => ReadArray(reader),              CborReaderState.TextString => new CborTextString(reader.ReadTextString()),              CborReaderState.Boolean => (CborBoolean)reader.ReadBoolean(),              CborReaderState.ByteString => new CborByteString(reader.ReadByteString()),              CborReaderState.UnsignedInteger => new CborInteger(reader.ReadInt64()),              CborReaderState.NegativeInteger => new CborInteger(reader.ReadInt64()),              CborReaderState.Null => ReadNull(reader),              _ => throw new Exception($""Unhandled state. Was {s}"")          };"
Api.0002,Source incompatible for selected .NET version,Active,Potential,1,Src\Fido2\Fido2.csproj,File,Src\Fido2\Cbor\CborObject.cs,61,8,T:System.Formats.Cbor.CborReaderState,,,,,"return s switch          {              CborReaderState.StartMap => ReadMap(reader),              CborReaderState.StartArray => ReadArray(reader),              CborReaderState.TextString => new CborTextString(reader.ReadTextString()),              CborReaderState.Boolean => (CborBoolean)reader.ReadBoolean(),              CborReaderState.ByteString => new CborByteString(reader.ReadByteString()),              CborReaderState.UnsignedInteger => new CborInteger(reader.ReadInt64()),              CborReaderState.NegativeInteger => new CborInteger(reader.ReadInt64()),              CborReaderState.Null => ReadNull(reader),              _ => throw new Exception($""Unhandled state. Was {s}"")          };"
Api.0002,Source incompatible for selected .NET version,Active,Potential,1,Src\Fido2\Fido2.csproj,File,Src\Fido2\Cbor\CborObject.cs,61,8,T:System.Formats.Cbor.CborReaderState,,,,,"return s switch          {              CborReaderState.StartMap => ReadMap(reader),              CborReaderState.StartArray => ReadArray(reader),              CborReaderState.TextString => new CborTextString(reader.ReadTextString()),              CborReaderState.Boolean => (CborBoolean)reader.ReadBoolean(),              CborReaderState.ByteString => new CborByteString(reader.ReadByteString()),              CborReaderState.UnsignedInteger => new CborInteger(reader.ReadInt64()),              CborReaderState.NegativeInteger => new CborInteger(reader.ReadInt64()),              CborReaderState.Null => ReadNull(reader),              _ => throw new Exception($""Unhandled state. Was {s}"")          };"
Api.0002,Source incompatible for selected .NET version,Active,Potential,1,Src\Fido2\Fido2.csproj,File,Src\Fido2\Cbor\CborObject.cs,61,8,F:System.Formats.Cbor.CborReaderState.StartMap,,,,,"return s switch          {              CborReaderState.StartMap => ReadMap(reader),              CborReaderState.StartArray => ReadArray(reader),              CborReaderState.TextString => new CborTextString(reader.ReadTextString()),              CborReaderState.Boolean => (CborBoolean)reader.ReadBoolean(),              CborReaderState.ByteString => new CborByteString(reader.ReadByteString()),              CborReaderState.UnsignedInteger => new CborInteger(reader.ReadInt64()),              CborReaderState.NegativeInteger => new CborInteger(reader.ReadInt64()),              CborReaderState.Null => ReadNull(reader),              _ => throw new Exception($""Unhandled state. Was {s}"")          };"
Api.0002,Source incompatible for selected .NET version,Active,Potential,1,Src\Fido2\Fido2.csproj,File,Src\Fido2\Cbor\CborObject.cs,59,8,T:System.Formats.Cbor.CborReaderState,,,,,CborReaderState s = reader.PeekState();
Api.0002,Source incompatible for selected .NET version,Active,Potential,1,Src\Fido2\Fido2.csproj,File,Src\Fido2\Cbor\CborObject.cs,59,8,M:System.Formats.Cbor.CborReader.PeekState,,,,,CborReaderState s = reader.PeekState();
Api.0002,Source incompatible for selected .NET version,Active,Potential,1,Src\Fido2\Fido2.csproj,File,Src\Fido2\Cbor\CborObject.cs,23,8,P:System.Formats.Cbor.CborReader.BytesRemaining,,,,,bytesRead = data.Length - reader.BytesRemaining;
Api.0002,Source incompatible for selected .NET version,Active,Potential,1,Src\Fido2\Fido2.csproj,File,Src\Fido2\Cbor\CborObject.cs,19,8,T:System.Formats.Cbor.CborReader,,,,,var reader = new CborReader(data);
Api.0002,Source incompatible for selected .NET version,Active,Potential,1,Src\Fido2\Fido2.csproj,File,Src\Fido2\Cbor\CborObject.cs,19,8,"M:System.Formats.Cbor.CborReader.#ctor(System.ReadOnlyMemory{System.Byte},System.Formats.Cbor.CborConformanceMode,System.Boolean)",,,,,var reader = new CborReader(data);
Api.0002,Source incompatible for selected .NET version,Active,Potential,1,Src\Fido2\Fido2.csproj,File,Src\Fido2\Cbor\CborObject.cs,12,8,T:System.Formats.Cbor.CborReader,,,,,var reader = new CborReader(data);
Api.0002,Source incompatible for selected .NET version,Active,Potential,1,Src\Fido2\Fido2.csproj,File,Src\Fido2\Cbor\CborObject.cs,12,8,"M:System.Formats.Cbor.CborReader.#ctor(System.ReadOnlyMemory{System.Byte},System.Formats.Cbor.CborConformanceMode,System.Boolean)",,,,,var reader = new CborReader(data);
Api.0002,Source incompatible for selected .NET version,Active,Potential,1,Src\Fido2\Fido2.csproj,File,Src\Fido2\AttestationFormat\Packed.cs,64,20,M:System.Security.Cryptography.X509Certificates.X509Certificate2.#ctor(System.Byte[]),,,,,var x5cCert = new X509Certificate2(x5cObject.Value);
Api.0003,Behavioral change in selected .NET version,Active,Potential,1,Src\Fido2\Fido2.csproj,File,Src\Fido2\AttestationFormat\Packed.cs,16,8,M:System.Security.Cryptography.X509Certificates.X500DistinguishedName.#ctor(System.String),,,,,var subjectObj = new X500DistinguishedName(attnCertSubj);
Api.0003,Behavioral change in selected .NET version,Active,Potential,1,Src\Fido2\Fido2.csproj,File,Src\Fido2\Metadata\ConformanceMetadataRepository.cs,136,8,T:System.Text.Json.JsonDocument,,,,,using var jsonDoc = JsonDocument.Parse(Base64Url.DecodeFromChars(blobHeader));
Api.0003,Behavioral change in selected .NET version,Active,Potential,1,Src\Fido2\Fido2.csproj,File,Src\Fido2\Metadata\ConformanceMetadataRepository.cs,136,8,T:System.Text.Json.JsonDocument,,,,,using var jsonDoc = JsonDocument.Parse(Base64Url.DecodeFromChars(blobHeader));
Api.0003,Behavioral change in selected .NET version,Active,Potential,1,Src\Fido2\Fido2.csproj,File,Src\Fido2\Metadata\ConformanceMetadataRepository.cs,74,8,T:System.Net.Http.HttpContent,,,,,"MDSGetEndpointResponse? result = await response.Content.ReadFromJsonAsync(FidoSerializerContext.Default.MDSGetEndpointResponse, cancellationToken);"
Api.0002,Source incompatible for selected .NET version,Active,Potential,1,Src\Fido2\Fido2.csproj,File,Src\Fido2\AttestationFormat\AndroidKey.cs,160,20,M:System.Security.Cryptography.X509Certificates.X509Certificate2.#ctor(System.Byte[]),,,,,trustPath[i] = new X509Certificate2(x5cObject.Value);
Api.0002,Source incompatible for selected .NET version,Active,Potential,1,Src\Fido2\Fido2.csproj,File,Src\Fido2\AttestationFormat\Tpm.cs,137,20,M:System.Security.Cryptography.X509Certificates.X509Certificate2.#ctor(System.Byte[]),,,,,trustPath[i] = new X509Certificate2(x5cObject.Value);
Api.0002,Source incompatible for selected .NET version,Active,Potential,1,Src\Fido2\Fido2.csproj,File,Src\Fido2\AttestationFormat\Apple.cs,58,12,M:System.Security.Cryptography.X509Certificates.X509Certificate2.#ctor(System.Byte[]),,,,,trustPath[i] = new X509Certificate2((byte[])x5cArray[i]);
Api.0002,Source incompatible for selected .NET version,Active,Potential,1,Src\Fido2\Fido2.csproj,File,Src\Fido2\AttestationFormat\AppleAppAttest.cs,64,8,M:System.Security.Cryptography.X509Certificates.X509Certificate2.#ctor(System.Byte[]),,,,,X509Certificate2 credCert = new((byte[])x5cArray[0]);
Api.0002,Source incompatible for selected .NET version,Active,Potential,1,Src\Fido2\Fido2.csproj,File,Src\Fido2\AttestationFormat\AppleAppAttest.cs,61,8,M:System.Security.Cryptography.X509Certificates.X509Certificate2.#ctor(System.Byte[]),,,,,X509Certificate2 intermediateCert = new((byte[])x5cArray[1]);
Api.0003,Behavioral change in selected .NET version,Active,Potential,1,Src\Fido2\Fido2.csproj,File,Src\Fido2\AttestationFormat\AndroidSafetyNet.cs,56,8,T:System.Text.Json.JsonDocument,,,,,using var jwtHeaderJsonDoc = JsonDocument.Parse(jwtHeaderBytes);
Api.0003,Behavioral change in selected .NET version,Active,Potential,1,Src\Fido2\Fido2.csproj,File,Src\Fido2\AttestationFormat\AndroidSafetyNet.cs,56,8,T:System.Text.Json.JsonDocument,,,,,using var jwtHeaderJsonDoc = JsonDocument.Parse(jwtHeaderBytes);
Api.0002,Source incompatible for selected .NET version,Active,Potential,1,Src\Fido2\Fido2.csproj,File,Src\Fido2\AttestationFormat\FidoU2f.cs,29,8,M:System.Security.Cryptography.X509Certificates.X509Certificate2.#ctor(System.Byte[]),,,,,var attCert = new X509Certificate2((byte[])x5cArray[0]);
Api.0002,Source incompatible for selected .NET version,Active,Potential,1,Src\Fido2\Fido2.csproj,File,Src\Fido2\Extensions\X509CertificateHelper.cs,34,12,M:System.Security.Cryptography.X509Certificates.X509Certificate2.#ctor(System.ReadOnlySpan{System.Byte}),,,,,return new X509Certificate2(rawData);
Api.0003,Behavioral change in selected .NET version,Active,Potential,1,Src\Fido2\Fido2.csproj,File,Src\Fido2\Metadata\Fido2MetadataServiceRepository.cs,70,8,T:System.Text.Json.JsonDocument,,,,,using var blobHeaderDoc = JsonDocument.Parse(Base64Url.DecodeFromChars(blobHeaderString));
Api.0003,Behavioral change in selected .NET version,Active,Potential,1,Src\Fido2\Fido2.csproj,File,Src\Fido2\Metadata\Fido2MetadataServiceRepository.cs,70,8,T:System.Text.Json.JsonDocument,,,,,using var blobHeaderDoc = JsonDocument.Parse(Base64Url.DecodeFromChars(blobHeaderString));
Api.0002,Source incompatible for selected .NET version,Active,Potential,1,Src\Fido2\Fido2.csproj,File,Src\Fido2\TrustAnchor.cs,57,20,M:System.Security.Cryptography.X509Certificates.X509Certificate2.#ctor(System.Byte[]),,,,,attestationRootCertificates[i] = new X509Certificate2(Convert.FromBase64String(certStrings[i]));
Api.0002,Source incompatible for selected .NET version,Active,Potential,1,Src\Fido2\Fido2.csproj,File,Src\Fido2\Asn1Element.cs,108,4,T:System.Numerics.BigInteger,,,,,public BigInteger GetBigInteger()
Api.0002,Source incompatible for selected .NET version,Active,Potential,1,Src\Fido2\Fido2.csproj,File,Src\Fido2\Asn1Element.cs,110,8,T:System.Numerics.BigInteger,,,,,"return AsnDecoder.ReadInteger(_encodedValue.Span, AsnEncodingRules.DER, out _);"
Project.0002,Project's target framework(s) needs to be changed,Active,Mandatory,1,Src\Fido2.Ctap2\Fido2.Ctap2.csproj,File,Src\Fido2.Ctap2\Fido2.Ctap2.csproj,,,,,,,,Current target framework: net8.0 Recommended target framework: net10.0
NuGet.0005,NuGet package is deprecated,Active,Optional,1,Tests\Fido2.Ctap2.Tests\Fido2.Ctap2.Tests.csproj,File,Tests\Fido2.Ctap2.Tests\Fido2.Ctap2.Tests.csproj,,,xunit 2.9.2,,,,,"xunit, 2.9.2  Recommendation:  This package will only be updated for security issues. All future feature work has moved onto v3.  Guide for migrating from xUnit.net v2 to v3: https://xunit.net/docs/getting-started/v3/migration Remove xunit, and replace with new package xunit, 2.9.3"
Project.0002,Project's target framework(s) needs to be changed,Active,Mandatory,1,Tests\Fido2.Ctap2.Tests\Fido2.Ctap2.Tests.csproj,File,Tests\Fido2.Ctap2.Tests\Fido2.Ctap2.Tests.csproj,,,,,,,,Current target framework: net8.0 Recommended target framework: net10.0
Project.0002,Project's target framework(s) needs to be changed,Active,Mandatory,1,Src\Fido2.Development\Fido2.Development.csproj,File,Src\Fido2.Development\Fido2.Development.csproj,,,,,,,,Current target framework: net8.0 Recommended target framework: net10.0
Project.0002,Project's target framework(s) needs to be changed,Active,Mandatory,1,Src\Fido2.Models\Fido2.Models.csproj,File,Src\Fido2.Models\Fido2.Models.csproj,,,,,,,,Current target framework: net8.0 Recommended target framework: net10.0
Api.0003,Behavioral change in selected .NET version,Active,Potential,1,Src\Fido2.Models\Fido2.Models.csproj,File,Src\Fido2.Models\StringExtensions.cs,6,8,T:System.Uri,,,,,var uri = new Uri(origin);
Api.0003,Behavioral change in selected .NET version,Active,Potential,1,Src\Fido2.Models\Fido2.Models.csproj,File,Src\Fido2.Models\StringExtensions.cs,6,8,M:System.Uri.#ctor(System.String),,,,,var uri = new Uri(origin);
NuGet.0005,NuGet package is deprecated,Active,Optional,1,Tests\Fido2.Tests\Fido2.Tests.csproj,File,Tests\Fido2.Tests\Fido2.Tests.csproj,,,xunit 2.9.2,,,,,"xunit, 2.9.2  Recommendation:  This package will only be updated for security issues. All future feature work has moved onto v3.  Guide for migrating from xUnit.net v2 to v3: https://xunit.net/docs/getting-started/v3/migration Remove xunit, and replace with new package xunit, 2.9.3"
Project.0002,Project's target framework(s) needs to be changed,Active,Mandatory,1,Tests\Fido2.Tests\Fido2.Tests.csproj,File,Tests\Fido2.Tests\Fido2.Tests.csproj,,,,,,,,Current target framework: net8.0 Recommended target framework: net10.0
Api.0003,Behavioral change in selected .NET version,Active,Potential,1,Tests\Fido2.Tests\Fido2.Tests.csproj,File,Tests\Fido2.Tests\Fido2Tests.cs,39,8,M:Microsoft.Extensions.DependencyInjection.HttpClientFactoryServiceCollectionExtensions.AddHttpClient(Microsoft.Extensions.DependencyInjection.IServiceCollection),,,,,services.AddHttpClient();
Api.0003,Behavioral change in selected .NET version,Active,Potential,1,Tests\Fido2.Tests\Fido2.Tests.csproj,File,Tests\Fido2.Tests\Fido2Tests.cs,39,8,M:Microsoft.Extensions.DependencyInjection.HttpClientFactoryServiceCollectionExtensions.AddHttpClient(Microsoft.Extensions.DependencyInjection.IServiceCollection),,,,,services.AddHttpClient();
Api.0003,Behavioral change in selected .NET version,Active,Potential,1,Tests\Fido2.Tests\Fido2.Tests.csproj,File,Tests\Fido2.Tests\Attestation\Tpm.cs,4103,8,M:System.Security.Cryptography.X509Certificates.X500DistinguishedName.#ctor(System.String),,,,,"var attDN = new X500DistinguishedName(""CN=Testing, OU=Not Authenticator Attestation, O=FIDO2-NET-LIB, C=US"");"
Api.0003,Behavioral change in selected .NET version,Active,Potential,1,Tests\Fido2.Tests\Fido2.Tests.csproj,File,Tests\Fido2.Tests\Attestation\AppleAppAttest.cs,37,8,M:System.Security.Cryptography.X509Certificates.X500DistinguishedName.#ctor(System.String),,,,,"var attDN = new X500DistinguishedName(""CN=attest.apple.com, OU=Apple Authenticator Attestation, O=FIDO2-NET-LIB, C=US"");"
Api.0003,Behavioral change in selected .NET version,Active,Potential,1,Tests\Fido2.Tests\Fido2.Tests.csproj,File,Tests\Fido2.Tests\Attestation\AppleAppAttest.cs,37,8,M:System.Security.Cryptography.X509Certificates.X500DistinguishedName.#ctor(System.String),,,,,"var attDN = new X500DistinguishedName(""CN=attest.apple.com, OU=Apple Authenticator Attestation, O=FIDO2-NET-LIB, C=US"");"
Api.0003,Behavioral change in selected .NET version,Active,Potential,1,Tests\Fido2.Tests\Fido2.Tests.csproj,File,Tests\Fido2.Tests\Attestation\Packed.cs,933,8,M:System.Security.Cryptography.X509Certificates.X500DistinguishedName.#ctor(System.String),,,,,"var attDN = new X500DistinguishedName(""CN=Testing, OU=Authenticator Attestation, O=FIDO2-NET-LIB, C=US"");"
Api.0003,Behavioral change in selected .NET version,Active,Potential,1,Tests\Fido2.Tests\Fido2.Tests.csproj,File,Tests\Fido2.Tests\Attestation\Packed.cs,882,8,M:System.Security.Cryptography.X509Certificates.X500DistinguishedName.#ctor(System.String),,,,,"var attDN = new X500DistinguishedName(""CN=Testing, OU=Authenticator Attestation, O=FIDO2-NET-LIB, C=US"");"
Api.0003,Behavioral change in selected .NET version,Active,Potential,1,Tests\Fido2.Tests\Fido2.Tests.csproj,File,Tests\Fido2.Tests\Attestation\Packed.cs,835,8,M:System.Security.Cryptography.X509Certificates.X500DistinguishedName.#ctor(System.String),,,,,"var attDN = new X500DistinguishedName(""""""CN=Testing, OU=Authenticator Attestation, O=""FIDO2-NET-LIB, Inc."", C=US"""""");"
Api.0003,Behavioral change in selected .NET version,Active,Potential,1,Tests\Fido2.Tests\Fido2.Tests.csproj,File,Tests\Fido2.Tests\Attestation\Packed.cs,784,8,M:System.Security.Cryptography.X509Certificates.X500DistinguishedName.#ctor(System.String),,,,,"var attDN = new X500DistinguishedName(""CN=Testing, OU=Not Authenticator Attestation, O=FIDO2-NET-LIB, C=US"");"
Api.0003,Behavioral change in selected .NET version,Active,Potential,1,Tests\Fido2.Tests\Fido2.Tests.csproj,File,Tests\Fido2.Tests\Attestation\Packed.cs,724,8,M:System.Security.Cryptography.X509Certificates.X500DistinguishedName.#ctor(System.String),,,,,"var attDN = new X500DistinguishedName(""CN=Testing, OU=Authenticator Attestation, O=FIDO2-NET-LIB, C=US"");"
Api.0003,Behavioral change in selected .NET version,Active,Potential,1,Tests\Fido2.Tests\Fido2.Tests.csproj,File,Tests\Fido2.Tests\Attestation\Packed.cs,678,8,M:System.Security.Cryptography.X509Certificates.X500DistinguishedName.#ctor(System.String),,,,,"var attDN = new X500DistinguishedName(""CN=Testing, OU=Authenticator Attestation, O=FIDO2-NET-LIB, C=US"");"
Api.0003,Behavioral change in selected .NET version,Active,Potential,1,Tests\Fido2.Tests\Fido2.Tests.csproj,File,Tests\Fido2.Tests\Attestation\Packed.cs,636,8,M:System.Security.Cryptography.X509Certificates.X500DistinguishedName.#ctor(System.String),,,,,"var attDN = new X500DistinguishedName(""CN=Testing, OU=Authenticator Attestation, O=FIDO2-NET-LIB, C=US"");"
Api.0003,Behavioral change in selected .NET version,Active,Potential,1,Tests\Fido2.Tests\Fido2.Tests.csproj,File,Tests\Fido2.Tests\Attestation\Packed.cs,591,8,M:System.Security.Cryptography.X509Certificates.X500DistinguishedName.#ctor(System.String),,,,,"var attDN = new X500DistinguishedName(""CN=Testing, OU=Authenticator Attestation, O=FIDO2-NET-LIB, C=US"");"
Api.0003,Behavioral change in selected .NET version,Active,Potential,1,Tests\Fido2.Tests\Fido2.Tests.csproj,File,Tests\Fido2.Tests\Attestation\Packed.cs,545,8,M:System.Security.Cryptography.X509Certificates.X500DistinguishedName.#ctor(System.String),,,,,"var attDN = new X500DistinguishedName(""CN=Testing, OU=Authenticator Attestation, O=FIDO2-NET-LIB, C=US"");"
Api.0003,Behavioral change in selected .NET version,Active,Potential,1,Tests\Fido2.Tests\Fido2.Tests.csproj,File,Tests\Fido2.Tests\Attestation\Packed.cs,504,8,M:System.Security.Cryptography.X509Certificates.X500DistinguishedName.#ctor(System.String),,,,,"var attDN = new X500DistinguishedName(""CN=Testing, OU=Authenticator Attestation, O=FIDO2-NET-LIB, C=US"");"
Api.0003,Behavioral change in selected .NET version,Active,Potential,1,Tests\Fido2.Tests\Fido2.Tests.csproj,File,Tests\Fido2.Tests\Attestation\Packed.cs,463,8,M:System.Security.Cryptography.X509Certificates.X500DistinguishedName.#ctor(System.String),,,,,"var attDN = new X500DistinguishedName(""CN=Testing, OU=Authenticator Attestation, O=FIDO2-NET-LIB, C=US"");"
Api.0003,Behavioral change in selected .NET version,Active,Potential,1,Tests\Fido2.Tests\Fido2.Tests.csproj,File,Tests\Fido2.Tests\Attestation\Packed.cs,420,8,M:System.Security.Cryptography.X509Certificates.X500DistinguishedName.#ctor(System.String),,,,,"var attDN = new X500DistinguishedName(""CN=Testing, OU=Authenticator Attestation, O=FIDO2-NET-LIB, C=US"");"
Api.0003,Behavioral change in selected .NET version,Active,Potential,1,Tests\Fido2.Tests\Fido2.Tests.csproj,File,Tests\Fido2.Tests\Attestation\Packed.cs,377,8,M:System.Security.Cryptography.X509Certificates.X500DistinguishedName.#ctor(System.String),,,,,"var attDN = new X500DistinguishedName(""CN=Testing, OU=Authenticator Attestation, O=FIDO2-NET-LIB, C=US"");"
Api.0003,Behavioral change in selected .NET version,Active,Potential,1,Tests\Fido2.Tests\Fido2.Tests.csproj,File,Tests\Fido2.Tests\Attestation\Packed.cs,335,8,M:System.Security.Cryptography.X509Certificates.X500DistinguishedName.#ctor(System.String),,,,,"var attDN = new X500DistinguishedName(""CN=Testing, OU=Authenticator Attestation, O=FIDO2-NET-LIB, C=US"");"
Api.0003,Behavioral change in selected .NET version,Active,Potential,1,Tests\Fido2.Tests\Fido2.Tests.csproj,File,Tests\Fido2.Tests\Attestation\Packed.cs,199,12,M:System.Security.Cryptography.X509Certificates.X500DistinguishedName.#ctor(System.String),,,,,"var attDN = new X500DistinguishedName(""CN=Testing, OU=Authenticator Attestation, O=FIDO2-NET-LIB, C=US"");"
Api.0002,Source incompatible for selected .NET version,Active,Potential,1,Tests\Fido2.Tests\Fido2.Tests.csproj,File,Tests\Fido2.Tests\Attestation\Apple.cs,212,8,M:System.Security.Cryptography.X509Certificates.X509Certificate2.#ctor(System.Byte[]),,,,,var trustPath = invalidX5cStrings              .Select(x => new X509Certificate2(Convert.FromBase64String(x)))              .ToArray();
Api.0002,Source incompatible for selected .NET version,Active,Potential,1,Tests\Fido2.Tests\Fido2.Tests.csproj,File,Tests\Fido2.Tests\Attestation\Apple.cs,180,8,M:System.Security.Cryptography.X509Certificates.X509Certificate2.#ctor(System.Byte[]),,,,,var trustPath = validX5cStrings              .Select(x => new X509Certificate2(Convert.FromBase64String(x)))              .ToArray();
Api.0002,Source incompatible for selected .NET version,Active,Potential,1,Tests\Fido2.Tests\Fido2.Tests.csproj,File,Tests\Fido2.Tests\Attestation\Apple.cs,161,8,M:System.Security.Cryptography.X509Certificates.X509Certificate2.#ctor(System.Byte[]),,,,,var trustPath = invalidX5cStrings              .Select(x => new X509Certificate2(Convert.FromBase64String(x)))              .ToArray();
Api.0002,Source incompatible for selected .NET version,Active,Potential,1,Tests\Fido2.Tests\Fido2.Tests.csproj,File,Tests\Fido2.Tests\Attestation\Apple.cs,139,8,M:System.Security.Cryptography.X509Certificates.X509Certificate2.#ctor(System.Byte[]),,,,,var trustPath = invalidX5cStrings              .Select(x => new X509Certificate2(Convert.FromBase64String(x)))              .ToArray();
Api.0003,Behavioral change in selected .NET version,Active,Potential,1,Tests\Fido2.Tests\Fido2.Tests.csproj,File,Tests\Fido2.Tests\Attestation\Apple.cs,27,8,M:System.Security.Cryptography.X509Certificates.X500DistinguishedName.#ctor(System.String),,,,,"var attDN = new X500DistinguishedName(""CN=attest.apple.com, OU=Apple Authenticator Attestation, O=FIDO2-NET-LIB, C=US"");"
Api.0003,Behavioral change in selected .NET version,Active,Potential,1,Tests\Fido2.Tests\Fido2.Tests.csproj,File,Tests\Fido2.Tests\Attestation\Apple.cs,27,8,M:System.Security.Cryptography.X509Certificates.X500DistinguishedName.#ctor(System.String),,,,,"var attDN = new X500DistinguishedName(""CN=attest.apple.com, OU=Apple Authenticator Attestation, O=FIDO2-NET-LIB, C=US"");"
Api.0003,Behavioral change in selected .NET version,Active,Potential,1,Tests\Fido2.Tests\Fido2.Tests.csproj,File,Tests\Fido2.Tests\Attestation\AndroidSafetyNet.cs,1021,8,M:System.Security.Cryptography.X509Certificates.X500DistinguishedName.#ctor(System.String),,,,,"var attDN = new X500DistinguishedName(""CN=attest.android.com, OU=SafetyNet Authenticator Attestation, O=FIDO2-NET-LIB, C=US"");"
Api.0003,Behavioral change in selected .NET version,Active,Potential,1,Tests\Fido2.Tests\Fido2.Tests.csproj,File,Tests\Fido2.Tests\Attestation\AndroidSafetyNet.cs,938,8,M:System.Security.Cryptography.X509Certificates.X500DistinguishedName.#ctor(System.String),,,,,"var attDN = new X500DistinguishedName(""CN=attest.android.com, OU=SafetyNet Authenticator Attestation, O=FIDO2-NET-LIB, C=US"");"
Api.0003,Behavioral change in selected .NET version,Active,Potential,1,Tests\Fido2.Tests\Fido2.Tests.csproj,File,Tests\Fido2.Tests\Attestation\AndroidSafetyNet.cs,852,8,M:System.Security.Cryptography.X509Certificates.X500DistinguishedName.#ctor(System.String),,,,,"var attDN = new X500DistinguishedName(""CN=sunshine.android.com, OU=SafetyNet Authenticator Attestation, O=FIDO2-NET-LIB, C=US"");"
Api.0003,Behavioral change in selected .NET version,Active,Potential,1,Tests\Fido2.Tests\Fido2.Tests.csproj,File,Tests\Fido2.Tests\Attestation\AndroidSafetyNet.cs,768,8,M:System.Security.Cryptography.X509Certificates.X500DistinguishedName.#ctor(System.String),,,,,"var attDN = new X500DistinguishedName(""CN=attest.android.com, OU=SafetyNet Authenticator Attestation, O=FIDO2-NET-LIB, C=US"");"
Api.0003,Behavioral change in selected .NET version,Active,Potential,1,Tests\Fido2.Tests\Fido2.Tests.csproj,File,Tests\Fido2.Tests\Attestation\AndroidSafetyNet.cs,683,8,M:System.Security.Cryptography.X509Certificates.X500DistinguishedName.#ctor(System.String),,,,,"var attDN = new X500DistinguishedName(""CN=attest.android.com, OU=SafetyNet Authenticator Attestation, O=FIDO2-NET-LIB, C=US"");"
Api.0003,Behavioral change in selected .NET version,Active,Potential,1,Tests\Fido2.Tests\Fido2.Tests.csproj,File,Tests\Fido2.Tests\Attestation\AndroidSafetyNet.cs,602,8,M:System.Security.Cryptography.X509Certificates.X500DistinguishedName.#ctor(System.String),,,,,"var attDN = new X500DistinguishedName(""CN=attest.android.com, OU=SafetyNet Authenticator Attestation, O=FIDO2-NET-LIB, C=US"");"
Api.0003,Behavioral change in selected .NET version,Active,Potential,1,Tests\Fido2.Tests\Fido2.Tests.csproj,File,Tests\Fido2.Tests\Attestation\AndroidSafetyNet.cs,521,8,M:System.Security.Cryptography.X509Certificates.X500DistinguishedName.#ctor(System.String),,,,,"var attDN = new X500DistinguishedName(""CN=attest.android.com, OU=SafetyNet Authenticator Attestation, O=FIDO2-NET-LIB, C=US"");"
Api.0003,Behavioral change in selected .NET version,Active,Potential,1,Tests\Fido2.Tests\Fido2.Tests.csproj,File,Tests\Fido2.Tests\Attestation\AndroidSafetyNet.cs,440,8,M:System.Security.Cryptography.X509Certificates.X500DistinguishedName.#ctor(System.String),,,,,"var attDN = new X500DistinguishedName(""CN=attest.android.com, OU=SafetyNet Authenticator Attestation, O=FIDO2-NET-LIB, C=US"");"
Api.0003,Behavioral change in selected .NET version,Active,Potential,1,Tests\Fido2.Tests\Fido2.Tests.csproj,File,Tests\Fido2.Tests\Attestation\AndroidSafetyNet.cs,359,8,M:System.Security.Cryptography.X509Certificates.X500DistinguishedName.#ctor(System.String),,,,,"var attDN = new X500DistinguishedName(""CN=attest.android.com, OU=SafetyNet Authenticator Attestation, O=FIDO2-NET-LIB, C=US"");"
Api.0003,Behavioral change in selected .NET version,Active,Potential,1,Tests\Fido2.Tests\Fido2.Tests.csproj,File,Tests\Fido2.Tests\Attestation\AndroidSafetyNet.cs,333,12,M:System.Security.Cryptography.X509Certificates.X500DistinguishedName.#ctor(System.String),,,,,"var attRequest = new CertificateRequest(new X500DistinguishedName(""CN=fakeattest.android.com""), ecdsaAtt, HashAlgorithmName.SHA256);"
Api.0003,Behavioral change in selected .NET version,Active,Potential,1,Tests\Fido2.Tests\Fido2.Tests.csproj,File,Tests\Fido2.Tests\Attestation\AndroidSafetyNet.cs,121,8,M:System.Security.Cryptography.X509Certificates.X500DistinguishedName.#ctor(System.String),,,,,"var attDN = new X500DistinguishedName(""CN=attest.android.com, OU=SafetyNet Authenticator Attestation, O=FIDO2-NET-LIB, C=US"");"
Api.0003,Behavioral change in selected .NET version,Active,Potential,1,Tests\Fido2.Tests\Fido2.Tests.csproj,File,Tests\Fido2.Tests\Attestation\AndroidSafetyNet.cs,30,8,M:System.Security.Cryptography.X509Certificates.X500DistinguishedName.#ctor(System.String),,,,,"var attDN = new X500DistinguishedName(""CN=attest.android.com, OU=SafetyNet Authenticator Attestation, O=FIDO2-NET-LIB, C=US"");"
Api.0003,Behavioral change in selected .NET version,Active,Potential,1,Tests\Fido2.Tests\Fido2.Tests.csproj,File,Tests\Fido2.Tests\Attestation\AndroidSafetyNet.cs,30,8,M:System.Security.Cryptography.X509Certificates.X500DistinguishedName.#ctor(System.String),,,,,"var attDN = new X500DistinguishedName(""CN=attest.android.com, OU=SafetyNet Authenticator Attestation, O=FIDO2-NET-LIB, C=US"");"
Api.0002,Source incompatible for selected .NET version,Active,Potential,1,Tests\Fido2.Tests\Fido2.Tests.csproj,File,Tests\Fido2.Tests\CryptoUtilsTests.cs,80,8,M:System.Security.Cryptography.X509Certificates.X509Certificate2.#ctor(System.Byte[]),,,,,var otherCerts = new X509Certificate2[1] { new X509Certificate2(otherCertBytes) };
Api.0002,Source incompatible for selected .NET version,Active,Potential,1,Tests\Fido2.Tests\Fido2.Tests.csproj,File,Tests\Fido2.Tests\CryptoUtilsTests.cs,77,8,M:System.Security.Cryptography.X509Certificates.X509Certificate2.#ctor(System.Byte[]),,,,,var certs = new X509Certificate2[1] { new X509Certificate2(certBytes) };
Api.0002,Source incompatible for selected .NET version,Active,Potential,1,Tests\Fido2.Tests\Fido2.Tests.csproj,File,Tests\Fido2.Tests\CryptoUtilsTests.cs,64,8,M:System.Security.Cryptography.X509Certificates.X509Certificate2.#ctor(System.Byte[]),,,,,var trustPath = new X509Certificate2[1] { new X509Certificate2(attCert) };
Api.0002,Source incompatible for selected .NET version,Active,Potential,1,Tests\Fido2.Tests\Fido2.Tests.csproj,File,Tests\Fido2.Tests\CryptoUtilsTests.cs,61,8,M:System.Security.Cryptography.X509Certificates.X509Certificate2.#ctor(System.Byte[]),,,,,var attestationRootCertificates = new X509Certificate2[1] { new X509Certificate2(attRootCertBytes) };
Api.0002,Source incompatible for selected .NET version,Active,Potential,1,Tests\Fido2.Tests\Fido2.Tests.csproj,File,Tests\Fido2.Tests\CryptoUtilsTests.cs,42,8,M:System.Security.Cryptography.X509Certificates.X509Certificate2.#ctor(System.Byte[]),,,,,"var trustPath = new X509Certificate2[2]          {              new X509Certificate2(Convert.FromBase64String(""MIICQzCCAemgAwIBAgIQHfK1WlHcS2iFo9meaX/tFjAKBggqhkjOPQQDAjBJMQswCQYDVQQGEwJVUzEdMBsGA1UECgwURmVpdGlhbiBUZWNobm9sb2dpZXMxGzAZBgNVBAMMEkZlaXRpYW4gRklETyBDQSAwMzAgFw0xODEyMjUwMDAwMDBaGA8yMDMzMTIyNDIzNTk1OVowcDELMAkGA1UEBhMCVVMxHTAbBgNVBAoMFEZlaXRpYW4gVGVjaG5vbG9naWVzMSIwIAYDVQQLDBlBdXRoZW50aWNhdG9yIEF0dGVzdGF0aW9uMR4wHAYDVQQDDBVGVCBCaW9QYXNzIEZJRE8yIDA0NzAwWTATBgcqhkjOPQIBBggqhkjOPQMBBwNCAAS62hIbyenH9WPnzYHehaBR3C7qswomZkaPzGyUlFRiJIMo3uITeImFOFfNcDuOzoq1wcXXGTmEtEtxF2wo9noko4GJMIGGMB0GA1UdDgQWBBSBI1XoLDY1/HJaba+W32nxhxp3WjAfBgNVHSMEGDAWgBRBt/xNdcqO0p8s0xebzYNRinnYqTAMBgNVHRMBAf8EAjAAMBMGCysGAQQBguUcAgEBBAQDAgRwMCEGCysGAQQBguUcAQEEBBIEEBLe10VL7UfUq6rnE/UdY5MwCgYIKoZIzj0EAwIDSAAwRQIhAI6GSVi10r673uqtso+2oB6f5S5gE0ff44t3NcQ+TN9NAiAC/SCP+eKw1BnmcSgbxcQpYuWjBPMVDfqeg8pbmOdHKw=="")),              new X509Certificate2(Convert.FromBase64String(""MIIB+TCCAaCgAwIBAgIQGBUrQbdDrm20FZnDsX2CCDAKBggqhkjOPQQDAjBLMQswCQYDVQQGEwJVUzEdMBsGA1UECgwURmVpdGlhbiBUZWNobm9sb2dpZXMxHTAbBgNVBAMMFEZlaXRpYW4gRklETyBSb290IENBMCAXDTE4MDUyMDAwMDAwMFoYDzIwMzgwNTE5MjM1OTU5WjBJMQswCQYDVQQGEwJVUzEdMBsGA1UECgwURmVpdGlhbiBUZWNobm9sb2dpZXMxGzAZBgNVBAMMEkZlaXRpYW4gRklETyBDQSAwMzBZMBMGByqGSM49AgEGCCqGSM49AwEHA0IABJts1KYQuj66rAszKKLfsOay91gO11vSvfcYd/dQfeTjpSNb55ffoLijQbRXspqE5Uj2NVylED61pjo2tpytOfijZjBkMB0GA1UdDgQWBBRBt/xNdcqO0p8s0xebzYNRinnYqTAfBgNVHSMEGDAWgBRLvYcmEa0cic8EWL5w0giMaxYjtzASBgNVHRMBAf8ECDAGAQH/AgEAMA4GA1UdDwEB/wQEAwIBBjAKBggqhkjOPQQDAgNHADBEAiAnSuhaqHgV3Sds/OrwiqLNUWMmU8Lji9Vy7s5hSEg22AIgE1lIdBjq0N+QcZq995uOE4XWxBIrVUio3RAwgDn8KgI=""))          };"
Api.0002,Source incompatible for selected .NET version,Active,Potential,1,Tests\Fido2.Tests\Fido2.Tests.csproj,File,Tests\Fido2.Tests\CryptoUtilsTests.cs,42,8,M:System.Security.Cryptography.X509Certificates.X509Certificate2.#ctor(System.Byte[]),,,,,"var trustPath = new X509Certificate2[2]          {              new X509Certificate2(Convert.FromBase64String(""MIICQzCCAemgAwIBAgIQHfK1WlHcS2iFo9meaX/tFjAKBggqhkjOPQQDAjBJMQswCQYDVQQGEwJVUzEdMBsGA1UECgwURmVpdGlhbiBUZWNobm9sb2dpZXMxGzAZBgNVBAMMEkZlaXRpYW4gRklETyBDQSAwMzAgFw0xODEyMjUwMDAwMDBaGA8yMDMzMTIyNDIzNTk1OVowcDELMAkGA1UEBhMCVVMxHTAbBgNVBAoMFEZlaXRpYW4gVGVjaG5vbG9naWVzMSIwIAYDVQQLDBlBdXRoZW50aWNhdG9yIEF0dGVzdGF0aW9uMR4wHAYDVQQDDBVGVCBCaW9QYXNzIEZJRE8yIDA0NzAwWTATBgcqhkjOPQIBBggqhkjOPQMBBwNCAAS62hIbyenH9WPnzYHehaBR3C7qswomZkaPzGyUlFRiJIMo3uITeImFOFfNcDuOzoq1wcXXGTmEtEtxF2wo9noko4GJMIGGMB0GA1UdDgQWBBSBI1XoLDY1/HJaba+W32nxhxp3WjAfBgNVHSMEGDAWgBRBt/xNdcqO0p8s0xebzYNRinnYqTAMBgNVHRMBAf8EAjAAMBMGCysGAQQBguUcAgEBBAQDAgRwMCEGCysGAQQBguUcAQEEBBIEEBLe10VL7UfUq6rnE/UdY5MwCgYIKoZIzj0EAwIDSAAwRQIhAI6GSVi10r673uqtso+2oB6f5S5gE0ff44t3NcQ+TN9NAiAC/SCP+eKw1BnmcSgbxcQpYuWjBPMVDfqeg8pbmOdHKw=="")),              new X509Certificate2(Convert.FromBase64String(""MIIB+TCCAaCgAwIBAgIQGBUrQbdDrm20FZnDsX2CCDAKBggqhkjOPQQDAjBLMQswCQYDVQQGEwJVUzEdMBsGA1UECgwURmVpdGlhbiBUZWNobm9sb2dpZXMxHTAbBgNVBAMMFEZlaXRpYW4gRklETyBSb290IENBMCAXDTE4MDUyMDAwMDAwMFoYDzIwMzgwNTE5MjM1OTU5WjBJMQswCQYDVQQGEwJVUzEdMBsGA1UECgwURmVpdGlhbiBUZWNobm9sb2dpZXMxGzAZBgNVBAMMEkZlaXRpYW4gRklETyBDQSAwMzBZMBMGByqGSM49AgEGCCqGSM49AwEHA0IABJts1KYQuj66rAszKKLfsOay91gO11vSvfcYd/dQfeTjpSNb55ffoLijQbRXspqE5Uj2NVylED61pjo2tpytOfijZjBkMB0GA1UdDgQWBBRBt/xNdcqO0p8s0xebzYNRinnYqTAfBgNVHSMEGDAWgBRLvYcmEa0cic8EWL5w0giMaxYjtzASBgNVHRMBAf8ECDAGAQH/AgEAMA4GA1UdDwEB/wQEAwIBBjAKBggqhkjOPQQDAgNHADBEAiAnSuhaqHgV3Sds/OrwiqLNUWMmU8Lji9Vy7s5hSEg22AIgE1lIdBjq0N+QcZq995uOE4XWxBIrVUio3RAwgDn8KgI=""))          };"
Api.0002,Source incompatible for selected .NET version,Active,Potential,1,Tests\Fido2.Tests\Fido2.Tests.csproj,File,Tests\Fido2.Tests\CryptoUtilsTests.cs,35,8,M:System.Security.Cryptography.X509Certificates.X509Certificate2.#ctor(System.Byte[]),,,,,"var attestationRootCertificates = new X509Certificate2[3]          {              new X509Certificate2(Convert.FromBase64String(""MIIBfjCCASWgAwIBAgIBATAKBggqhkjOPQQDAjAXMRUwEwYDVQQDDAxGVCBGSURPIDAyMDAwIBcNMTYwNTAxMDAwMDAwWhgPMjA1MDA1MDEwMDAwMDBaMBcxFTATBgNVBAMMDEZUIEZJRE8gMDIwMDBZMBMGByqGSM49AgEGCCqGSM49AwEHA0IABNBmrRqVOxztTJVN19vtdqcL7tKQeol2nnM2/yYgvksZnr50SKbVgIEkzHQVOu80LVEE3lVheO1HjggxAlT6o4WjYDBeMB0GA1UdDgQWBBRJFWQt1bvG3jM6XgmV/IcjNtO/CzAfBgNVHSMEGDAWgBRJFWQt1bvG3jM6XgmV/IcjNtO/CzAMBgNVHRMEBTADAQH/MA4GA1UdDwEB/wQEAwIBBjAKBggqhkjOPQQDAgNHADBEAiAwfPqgIWIUB+QBBaVGsdHy0s5RMxlkzpSX/zSyTZmUpQIgB2wJ6nZRM8oX/nA43Rh6SJovM2XwCCH//+LirBAbB0M="")),              new X509Certificate2(Convert.FromBase64String(""MIIB2DCCAX6gAwIBAgIQFZ97ws2JGPEoa5NI+p8z1jAKBggqhkjOPQQDAjBLMQswCQYDVQQGEwJDTjEdMBsGA1UECgwURmVpdGlhbiBUZWNobm9sb2dpZXMxHTAbBgNVBAMMFEZlaXRpYW4gRklETyBSb290IENBMCAXDTE4MDQwMTAwMDAwMFoYDzIwNDgwMzMxMjM1OTU5WjBLMQswCQYDVQQGEwJDTjEdMBsGA1UECgwURmVpdGlhbiBUZWNobm9sb2dpZXMxHTAbBgNVBAMMFEZlaXRpYW4gRklETyBSb290IENBMFkwEwYHKoZIzj0CAQYIKoZIzj0DAQcDQgAEnfAKbjvMX1Ey1b6k+WQQdNVMt9JgGWyJ3PvM4BSK5XqTfo++0oAj/4tnwyIL0HFBR9St+ktjqSXDfjiXAurs86NCMEAwHQYDVR0OBBYEFNGhmE2Bf8O5a/YHZ71QEv6QRfFUMA8GA1UdEwEB/wQFMAMBAf8wDgYDVR0PAQH/BAQDAgEGMAoGCCqGSM49BAMCA0gAMEUCIQC3sT1lBjGeF+xKTpzV1KYU2ckahTd4mLJyzYOhaHv4igIgD2JYkfyH5Q4Bpo8rroO0It7oYjF2kgy/eSZ3U9Glaqw="")),              new X509Certificate2(Convert.FromBase64String(""MIIB2DCCAX6gAwIBAgIQGBUrQbdDrm20FZnDsX2CBTAKBggqhkjOPQQDAjBLMQswCQYDVQQGEwJVUzEdMBsGA1UECgwURmVpdGlhbiBUZWNobm9sb2dpZXMxHTAbBgNVBAMMFEZlaXRpYW4gRklETyBSb290IENBMCAXDTE4MDQwMTAwMDAwMFoYDzIwNDgwMzMxMjM1OTU5WjBLMQswCQYDVQQGEwJVUzEdMBsGA1UECgwURmVpdGlhbiBUZWNobm9sb2dpZXMxHTAbBgNVBAMMFEZlaXRpYW4gRklETyBSb290IENBMFkwEwYHKoZIzj0CAQYIKoZIzj0DAQcDQgAEsFYEEhiJuqqnMgQjSiivBjV7DGCTf4XBBH/B7uvZsKxXShF0L8uDISWUvcExixRs6gB3oldSrjox6L8T94NOzqNCMEAwHQYDVR0OBBYEFEu9hyYRrRyJzwRYvnDSCIxrFiO3MA8GA1UdEwEB/wQFMAMBAf8wDgYDVR0PAQH/BAQDAgEGMAoGCCqGSM49BAMCA0gAMEUCIDHSb2mbNDAUNXvpPU0oWKeNye0fQ2l9D01AR2+sLZdhAiEAo3wz684IFMVsCCRmuJqxH6FQRESNqezuo1E+KkGxWuM=""))          };"
Api.0002,Source incompatible for selected .NET version,Active,Potential,1,Tests\Fido2.Tests\Fido2.Tests.csproj,File,Tests\Fido2.Tests\CryptoUtilsTests.cs,35,8,M:System.Security.Cryptography.X509Certificates.X509Certificate2.#ctor(System.Byte[]),,,,,"var attestationRootCertificates = new X509Certificate2[3]          {              new X509Certificate2(Convert.FromBase64String(""MIIBfjCCASWgAwIBAgIBATAKBggqhkjOPQQDAjAXMRUwEwYDVQQDDAxGVCBGSURPIDAyMDAwIBcNMTYwNTAxMDAwMDAwWhgPMjA1MDA1MDEwMDAwMDBaMBcxFTATBgNVBAMMDEZUIEZJRE8gMDIwMDBZMBMGByqGSM49AgEGCCqGSM49AwEHA0IABNBmrRqVOxztTJVN19vtdqcL7tKQeol2nnM2/yYgvksZnr50SKbVgIEkzHQVOu80LVEE3lVheO1HjggxAlT6o4WjYDBeMB0GA1UdDgQWBBRJFWQt1bvG3jM6XgmV/IcjNtO/CzAfBgNVHSMEGDAWgBRJFWQt1bvG3jM6XgmV/IcjNtO/CzAMBgNVHRMEBTADAQH/MA4GA1UdDwEB/wQEAwIBBjAKBggqhkjOPQQDAgNHADBEAiAwfPqgIWIUB+QBBaVGsdHy0s5RMxlkzpSX/zSyTZmUpQIgB2wJ6nZRM8oX/nA43Rh6SJovM2XwCCH//+LirBAbB0M="")),              new X509Certificate2(Convert.FromBase64String(""MIIB2DCCAX6gAwIBAgIQFZ97ws2JGPEoa5NI+p8z1jAKBggqhkjOPQQDAjBLMQswCQYDVQQGEwJDTjEdMBsGA1UECgwURmVpdGlhbiBUZWNobm9sb2dpZXMxHTAbBgNVBAMMFEZlaXRpYW4gRklETyBSb290IENBMCAXDTE4MDQwMTAwMDAwMFoYDzIwNDgwMzMxMjM1OTU5WjBLMQswCQYDVQQGEwJDTjEdMBsGA1UECgwURmVpdGlhbiBUZWNobm9sb2dpZXMxHTAbBgNVBAMMFEZlaXRpYW4gRklETyBSb290IENBMFkwEwYHKoZIzj0CAQYIKoZIzj0DAQcDQgAEnfAKbjvMX1Ey1b6k+WQQdNVMt9JgGWyJ3PvM4BSK5XqTfo++0oAj/4tnwyIL0HFBR9St+ktjqSXDfjiXAurs86NCMEAwHQYDVR0OBBYEFNGhmE2Bf8O5a/YHZ71QEv6QRfFUMA8GA1UdEwEB/wQFMAMBAf8wDgYDVR0PAQH/BAQDAgEGMAoGCCqGSM49BAMCA0gAMEUCIQC3sT1lBjGeF+xKTpzV1KYU2ckahTd4mLJyzYOhaHv4igIgD2JYkfyH5Q4Bpo8rroO0It7oYjF2kgy/eSZ3U9Glaqw="")),              new X509Certificate2(Convert.FromBase64String(""MIIB2DCCAX6gAwIBAgIQGBUrQbdDrm20FZnDsX2CBTAKBggqhkjOPQQDAjBLMQswCQYDVQQGEwJVUzEdMBsGA1UECgwURmVpdGlhbiBUZWNobm9sb2dpZXMxHTAbBgNVBAMMFEZlaXRpYW4gRklETyBSb290IENBMCAXDTE4MDQwMTAwMDAwMFoYDzIwNDgwMzMxMjM1OTU5WjBLMQswCQYDVQQGEwJVUzEdMBsGA1UECgwURmVpdGlhbiBUZWNobm9sb2dpZXMxHTAbBgNVBAMMFEZlaXRpYW4gRklETyBSb290IENBMFkwEwYHKoZIzj0CAQYIKoZIzj0DAQcDQgAEsFYEEhiJuqqnMgQjSiivBjV7DGCTf4XBBH/B7uvZsKxXShF0L8uDISWUvcExixRs6gB3oldSrjox6L8T94NOzqNCMEAwHQYDVR0OBBYEFEu9hyYRrRyJzwRYvnDSCIxrFiO3MA8GA1UdEwEB/wQFMAMBAf8wDgYDVR0PAQH/BAQDAgEGMAoGCCqGSM49BAMCA0gAMEUCIDHSb2mbNDAUNXvpPU0oWKeNye0fQ2l9D01AR2+sLZdhAiEAo3wz684IFMVsCCRmuJqxH6FQRESNqezuo1E+KkGxWuM=""))          };"
Api.0002,Source incompatible for selected .NET version,Active,Potential,1,Tests\Fido2.Tests\Fido2.Tests.csproj,File,Tests\Fido2.Tests\CryptoUtilsTests.cs,35,8,M:System.Security.Cryptography.X509Certificates.X509Certificate2.#ctor(System.Byte[]),,,,,"var attestationRootCertificates = new X509Certificate2[3]          {              new X509Certificate2(Convert.FromBase64String(""MIIBfjCCASWgAwIBAgIBATAKBggqhkjOPQQDAjAXMRUwEwYDVQQDDAxGVCBGSURPIDAyMDAwIBcNMTYwNTAxMDAwMDAwWhgPMjA1MDA1MDEwMDAwMDBaMBcxFTATBgNVBAMMDEZUIEZJRE8gMDIwMDBZMBMGByqGSM49AgEGCCqGSM49AwEHA0IABNBmrRqVOxztTJVN19vtdqcL7tKQeol2nnM2/yYgvksZnr50SKbVgIEkzHQVOu80LVEE3lVheO1HjggxAlT6o4WjYDBeMB0GA1UdDgQWBBRJFWQt1bvG3jM6XgmV/IcjNtO/CzAfBgNVHSMEGDAWgBRJFWQt1bvG3jM6XgmV/IcjNtO/CzAMBgNVHRMEBTADAQH/MA4GA1UdDwEB/wQEAwIBBjAKBggqhkjOPQQDAgNHADBEAiAwfPqgIWIUB+QBBaVGsdHy0s5RMxlkzpSX/zSyTZmUpQIgB2wJ6nZRM8oX/nA43Rh6SJovM2XwCCH//+LirBAbB0M="")),              new X509Certificate2(Convert.FromBase64String(""MIIB2DCCAX6gAwIBAgIQFZ97ws2JGPEoa5NI+p8z1jAKBggqhkjOPQQDAjBLMQswCQYDVQQGEwJDTjEdMBsGA1UECgwURmVpdGlhbiBUZWNobm9sb2dpZXMxHTAbBgNVBAMMFEZlaXRpYW4gRklETyBSb290IENBMCAXDTE4MDQwMTAwMDAwMFoYDzIwNDgwMzMxMjM1OTU5WjBLMQswCQYDVQQGEwJDTjEdMBsGA1UECgwURmVpdGlhbiBUZWNobm9sb2dpZXMxHTAbBgNVBAMMFEZlaXRpYW4gRklETyBSb290IENBMFkwEwYHKoZIzj0CAQYIKoZIzj0DAQcDQgAEnfAKbjvMX1Ey1b6k+WQQdNVMt9JgGWyJ3PvM4BSK5XqTfo++0oAj/4tnwyIL0HFBR9St+ktjqSXDfjiXAurs86NCMEAwHQYDVR0OBBYEFNGhmE2Bf8O5a/YHZ71QEv6QRfFUMA8GA1UdEwEB/wQFMAMBAf8wDgYDVR0PAQH/BAQDAgEGMAoGCCqGSM49BAMCA0gAMEUCIQC3sT1lBjGeF+xKTpzV1KYU2ckahTd4mLJyzYOhaHv4igIgD2JYkfyH5Q4Bpo8rroO0It7oYjF2kgy/eSZ3U9Glaqw="")),              new X509Certificate2(Convert.FromBase64String(""MIIB2DCCAX6gAwIBAgIQGBUrQbdDrm20FZnDsX2CBTAKBggqhkjOPQQDAjBLMQswCQYDVQQGEwJVUzEdMBsGA1UECgwURmVpdGlhbiBUZWNobm9sb2dpZXMxHTAbBgNVBAMMFEZlaXRpYW4gRklETyBSb290IENBMCAXDTE4MDQwMTAwMDAwMFoYDzIwNDgwMzMxMjM1OTU5WjBLMQswCQYDVQQGEwJVUzEdMBsGA1UECgwURmVpdGlhbiBUZWNobm9sb2dpZXMxHTAbBgNVBAMMFEZlaXRpYW4gRklETyBSb290IENBMFkwEwYHKoZIzj0CAQYIKoZIzj0DAQcDQgAEsFYEEhiJuqqnMgQjSiivBjV7DGCTf4XBBH/B7uvZsKxXShF0L8uDISWUvcExixRs6gB3oldSrjox6L8T94NOzqNCMEAwHQYDVR0OBBYEFEu9hyYRrRyJzwRYvnDSCIxrFiO3MA8GA1UdEwEB/wQFMAMBAf8wDgYDVR0PAQH/BAQDAgEGMAoGCCqGSM49BAMCA0gAMEUCIDHSb2mbNDAUNXvpPU0oWKeNye0fQ2l9D01AR2+sLZdhAiEAo3wz684IFMVsCCRmuJqxH6FQRESNqezuo1E+KkGxWuM=""))          };"
Api.0002,Source incompatible for selected .NET version,Active,Potential,1,Tests\Fido2.Tests\Fido2.Tests.csproj,File,Tests\Fido2.Tests\CryptoUtilsTests.cs,27,8,M:System.Security.Cryptography.X509Certificates.X509Certificate2.#ctor(System.Byte[]),,,,,var cert = new X509Certificate2(certBytes);
Api.0002,Source incompatible for selected .NET version,Active,Potential,1,Tests\Fido2.Tests\Fido2.Tests.csproj,File,Tests\Fido2.Tests\CryptoUtilsTests.cs,15,8,M:System.Security.Cryptography.X509Certificates.X509Certificate2.#ctor(System.Byte[]),,,,,var cert = new X509Certificate2(certBytes);
